cell,model,variant,param,min,max,std_daily_change,std_if_random,identification_ratio,pin_rate,ac1_level,verdict
Bates_2010-2012,Bates,nonsent,kappa,0.10961,2.99886,1.26276,1.17953,1.071,0.058,0.213,NOT identified
Bates_2010-2012,Bates,nonsent,theta,0.01208,0.14974,0.0505,0.0562,0.899,0.012,0.063,NOT identified
Bates_2010-2012,Bates,nonsent,sigma,0.1071,0.77868,0.15057,0.27417,0.549,0.007,0.421,weak
Bates_2010-2012,Bates,nonsent,v0,0.01431,0.14995,0.03589,0.05538,0.648,0.028,0.584,weak
Bates_2010-2012,Bates,nonsent,rho,-0.88462,-0.10295,0.23965,0.31912,0.751,0.007,0.228,weak
Bates_2010-2012,Bates,nonsent,lambdaJ,0.05453,1.93107,0.48415,0.7661,0.632,0.004,0.252,weak
Bates_2010-2012,Bates,nonsent,muJ,-0.19908,0.03081,0.04837,0.09385,0.515,0.003,0.127,weak
Bates_2010-2012,Bates,nonsent,sigmaJ,0.01871,0.2,0.04452,0.07401,0.602,0.007,0.218,weak
Bates_2010-2012,Bates,sentiment,kappa,0.10962,2.9988,1.26629,1.1795,1.074,0.058,0.213,NOT identified
Bates_2010-2012,Bates,sentiment,theta,0.01197,0.14965,0.04996,0.05621,0.889,0.012,0.08,NOT identified
Bates_2010-2012,Bates,sentiment,sigma,0.10526,0.78193,0.15485,0.27625,0.561,0.007,0.413,weak
Bates_2010-2012,Bates,sentiment,v0,0.01427,0.14995,0.03557,0.05539,0.642,0.031,0.588,weak
Bates_2010-2012,Bates,sentiment,rho,-0.88274,-0.10358,0.23278,0.31809,0.732,0.005,0.227,weak
Bates_2010-2012,Bates,sentiment,lambdaJ,0.05937,1.93464,0.48315,0.76557,0.631,0.004,0.241,weak
Bates_2010-2012,Bates,sentiment,muJ,-0.19885,0.02889,0.04773,0.09298,0.513,0.003,0.122,weak
Bates_2010-2012,Bates,sentiment,sigmaJ,0.01853,0.2,0.04491,0.07408,0.606,0.005,0.204,weak
Bates_2013-2015,Bates,nonsent,kappa,0.10063,2.99835,1.40277,1.18299,1.186,0.114,0.167,NOT identified
Bates_2013-2015,Bates,nonsent,theta,0.01261,0.14993,0.05339,0.05606,0.952,0.022,0.192,NOT identified
Bates_2013-2015,Bates,nonsent,sigma,0.10211,0.76543,0.16082,0.2708,0.594,0.006,0.146,weak
Bates_2013-2015,Bates,nonsent,v0,0.01254,0.14967,0.05284,0.05598,0.944,0.019,0.278,NOT identified
Bates_2013-2015,Bates,nonsent,rho,-0.88707,-0.11555,0.22429,0.31497,0.712,0.004,0.18,weak
Bates_2013-2015,Bates,nonsent,lambdaJ,0.03676,1.93518,0.54833,0.77503,0.707,0.004,0.057,weak
Bates_2013-2015,Bates,nonsent,muJ,-0.19636,0.01843,0.04898,0.08769,0.559,0.006,0.092,weak
Bates_2013-2015,Bates,nonsent,sigmaJ,0.0244,0.19982,0.04907,0.07162,0.685,0.007,0.162,weak
Bates_2013-2015,Bates,sentiment,kappa,0.10068,2.99847,1.40467,1.18302,1.187,0.114,0.164,NOT identified
Bates_2013-2015,Bates,sentiment,theta,0.01235,0.14994,0.05336,0.05617,0.95,0.021,0.19,NOT identified
Bates_2013-2015,Bates,sentiment,sigma,0.10248,0.76668,0.1616,0.27116,0.596,0.006,0.143,weak
Bates_2013-2015,Bates,sentiment,v0,0.01254,0.14966,0.05278,0.05598,0.943,0.021,0.281,NOT identified
Bates_2013-2015,Bates,sentiment,rho,-0.88824,-0.11386,0.22895,0.31614,0.724,0.003,0.178,weak
Bates_2013-2015,Bates,sentiment,lambdaJ,0.03299,1.92294,0.5451,0.77157,0.706,0.004,0.067,weak
Bates_2013-2015,Bates,sentiment,muJ,-0.19642,0.0192,0.04913,0.08803,0.558,0.004,0.087,weak
Bates_2013-2015,Bates,sentiment,sigmaJ,0.02366,0.19987,0.04969,0.07194,0.691,0.006,0.167,weak
Bates_2016-2019,Bates,nonsent,kappa,0.10044,2.99961,1.38988,1.18358,1.174,0.193,0.25,NOT identified
Bates_2016-2019,Bates,nonsent,theta,0.01108,0.15,0.06077,0.05671,1.072,0.046,0.136,NOT identified
Bates_2016-2019,Bates,nonsent,sigma,0.12261,0.75662,0.13265,0.25883,0.512,0.006,0.273,weak
Bates_2016-2019,Bates,nonsent,v0,0.01134,0.14975,0.05178,0.05651,0.916,0.036,0.364,NOT identified
Bates_2016-2019,Bates,nonsent,rho,-0.89618,-0.10281,0.24023,0.32389,0.742,0.005,0.234,weak
Bates_2016-2019,Bates,nonsent,lambdaJ,0.07279,1.96585,0.48487,0.77284,0.627,0.002,0.217,weak
Bates_2016-2019,Bates,nonsent,muJ,-0.18548,0.02418,0.04058,0.08559,0.474,0.002,0.136,moderate
Bates_2016-2019,Bates,nonsent,sigmaJ,0.01785,0.19824,0.04284,0.07364,0.582,0.004,0.327,weak
Bates_2016-2019,Bates,sentiment,kappa,0.10048,2.99953,1.39035,1.18353,1.175,0.18,0.251,NOT identified
Bates_2016-2019,Bates,sentiment,theta,0.01099,0.14999,0.06015,0.05675,1.06,0.041,0.135,NOT identified
Bates_2016-2019,Bates,sentiment,sigma,0.11944,0.76395,0.13392,0.26312,0.509,0.005,0.268,weak
Bates_2016-2019,Bates,sentiment,v0,0.01148,0.14983,0.05184,0.05648,0.918,0.037,0.367,NOT identified
Bates_2016-2019,Bates,sentiment,rho,-0.89655,-0.10255,0.2412,0.32415,0.744,0.006,0.238,weak
Bates_2016-2019,Bates,sentiment,lambdaJ,0.07738,1.96793,0.49091,0.77182,0.636,0.002,0.217,weak
Bates_2016-2019,Bates,sentiment,muJ,-0.18518,0.02476,0.04175,0.08571,0.487,0.002,0.147,moderate
Bates_2016-2019,Bates,sentiment,sigmaJ,0.01792,0.19841,0.04338,0.07369,0.589,0.004,0.344,weak
Bates_2020-2022,Bates,nonsent,kappa,0.10094,2.99977,0.902,1.18344,0.762,0.028,0.472,weak
Bates_2020-2022,Bates,nonsent,theta,0.01234,0.15,0.03214,0.0562,0.572,0.008,0.427,weak
Bates_2020-2022,Bates,nonsent,sigma,0.10177,0.79915,0.13751,0.2847,0.483,0.009,0.159,moderate
Bates_2020-2022,Bates,nonsent,v0,0.0171,0.15,0.02805,0.05425,0.517,0.035,0.702,weak
Bates_2020-2022,Bates,nonsent,rho,-0.89876,-0.10105,0.17187,0.32566,0.528,0.009,0.444,weak
Bates_2020-2022,Bates,nonsent,lambdaJ,0.02876,1.989,0.37165,0.80027,0.464,0.007,0.191,moderate
Bates_2020-2022,Bates,nonsent,muJ,-0.19963,0.02609,0.04354,0.09215,0.473,0.008,0.179,moderate
Bates_2020-2022,Bates,nonsent,sigmaJ,0.01425,0.19995,0.03391,0.07581,0.447,0.012,0.369,moderate
Bates_2020-2022,Bates,sentiment,kappa,0.10073,2.99958,0.90893,1.18345,0.768,0.024,0.43,weak
Bates_2020-2022,Bates,sentiment,theta,0.01192,0.15,0.03177,0.05637,0.563,0.007,0.384,weak
Bates_2020-2022,Bates,sentiment,sigma,0.10132,0.79932,0.14144,0.28496,0.496,0.011,0.141,moderate
Bates_2020-2022,Bates,sentiment,v0,0.01761,0.15,0.02792,0.05405,0.517,0.035,0.685,weak
Bates_2020-2022,Bates,sentiment,rho,-0.89885,-0.10073,0.17207,0.32583,0.528,0.009,0.454,weak
Bates_2020-2022,Bates,sentiment,lambdaJ,0.03021,1.98859,0.37358,0.79951,0.467,0.008,0.198,moderate
Bates_2020-2022,Bates,sentiment,muJ,-0.19968,0.02646,0.04398,0.09232,0.476,0.009,0.201,moderate
Bates_2020-2022,Bates,sentiment,sigmaJ,0.01389,0.19994,0.03357,0.07595,0.442,0.012,0.374,moderate
Bergomi_2010-2012,Bergomi,nonsent,xi,0.01898,0.15,0.01927,0.05349,0.36,0.043,0.826,moderate
Bergomi_2010-2012,Bergomi,nonsent,nu,0.66324,3.5,0.66476,1.1581,0.574,0.051,0.439,weak
Bergomi_2010-2012,Bergomi,nonsent,rho,-0.94979,0.31943,0.37333,0.51816,0.72,0.015,0.21,weak
Bergomi_2010-2012,Bergomi,nonsent,beta,0.05467,9.98289,3.92978,4.05318,0.97,0.027,0.207,NOT identified
Bergomi_2010-2012,Bergomi,sentiment,xi,0.02019,0.15,0.0194,0.05299,0.366,0.046,0.825,moderate
Bergomi_2010-2012,Bergomi,sentiment,nu,0.66005,3.5,0.66571,1.15941,0.574,0.051,0.445,weak
Bergomi_2010-2012,Bergomi,sentiment,rho,-0.94977,0.34132,0.38528,0.52709,0.731,0.016,0.207,weak
Bergomi_2010-2012,Bergomi,sentiment,beta,0.04917,9.98452,3.90431,4.05609,0.963,0.031,0.223,NOT identified
Bergomi_2013-2015,Bergomi,nonsent,xi,0.01637,0.15,0.03674,0.05455,0.673,0.056,0.526,weak
Bergomi_2013-2015,Bergomi,nonsent,nu,0.59268,3.49999,0.99368,1.1869,0.837,0.062,0.217,NOT identified
Bergomi_2013-2015,Bergomi,nonsent,rho,-0.94499,0.24274,0.30435,0.48489,0.628,0.019,0.396,weak
Bergomi_2013-2015,Bergomi,nonsent,beta,0.00695,9.99421,4.61357,4.07728,1.132,0.077,0.126,NOT identified
Bergomi_2013-2015,Bergomi,sentiment,xi,0.0158,0.15,0.03618,0.05479,0.66,0.067,0.561,weak
Bergomi_2013-2015,Bergomi,sentiment,nu,0.59588,3.49999,0.99226,1.18559,0.837,0.061,0.223,NOT identified
Bergomi_2013-2015,Bergomi,sentiment,rho,-0.94532,0.24516,0.30292,0.48601,0.623,0.019,0.418,weak
Bergomi_2013-2015,Bergomi,sentiment,beta,0.00449,9.99397,4.58536,4.07819,1.124,0.069,0.132,NOT identified
Bergomi_2016-2019,Bergomi,nonsent,xi,0.01593,0.15,0.02745,0.05473,0.502,0.069,0.767,weak
Bergomi_2016-2019,Bergomi,nonsent,nu,0.60005,3.5,0.69657,1.1839,0.588,0.027,0.451,weak
Bergomi_2016-2019,Bergomi,nonsent,rho,-0.94749,0.32077,0.23612,0.51777,0.456,0.017,0.616,moderate
Bergomi_2016-2019,Bergomi,nonsent,beta,0.00496,9.99906,3.80021,4.08007,0.931,0.077,0.395,NOT identified
Bergomi_2016-2019,Bergomi,sentiment,xi,0.01617,0.15,0.02656,0.05464,0.486,0.065,0.775,moderate
Bergomi_2016-2019,Bergomi,sentiment,nu,0.60822,3.5,0.67527,1.18056,0.572,0.028,0.469,weak
Bergomi_2016-2019,Bergomi,sentiment,rho,-0.9472,0.30767,0.2313,0.5123,0.451,0.017,0.612,moderate
Bergomi_2016-2019,Bergomi,sentiment,beta,0.00618,9.99868,3.73243,4.07942,0.915,0.075,0.399,NOT identified
Bergomi_2020-2022,Bergomi,nonsent,xi,0.01753,0.15,0.02582,0.05408,0.478,0.072,0.707,moderate
Bergomi_2020-2022,Bergomi,nonsent,nu,0.5136,3.5,0.57,1.21919,0.468,0.052,0.676,moderate
Bergomi_2020-2022,Bergomi,nonsent,rho,-0.94993,0.63855,0.22938,0.64849,0.354,0.015,0.768,moderate
Bergomi_2020-2022,Bergomi,nonsent,beta,0.0,9.98083,2.87525,4.07466,0.706,0.061,0.593,weak
Bergomi_2020-2022,Bergomi,sentiment,xi,0.01768,0.15,0.02579,0.05402,0.477,0.075,0.71,moderate
Bergomi_2020-2022,Bergomi,sentiment,nu,0.51228,3.5,0.56548,1.21973,0.464,0.055,0.669,moderate
Bergomi_2020-2022,Bergomi,sentiment,rho,-0.94992,0.62027,0.22243,0.64103,0.347,0.015,0.754,moderate
Bergomi_2020-2022,Bergomi,sentiment,beta,0.0,9.97951,2.88615,4.07412,0.708,0.057,0.586,weak
Heston_2010-2012,Heston,nonsent,kappa,0.11357,2.89968,1.15484,1.13742,1.015,0.058,0.179,NOT identified
Heston_2010-2012,Heston,nonsent,theta,0.01074,0.14,0.04773,0.05277,0.905,0.05,0.196,NOT identified
Heston_2010-2012,Heston,nonsent,sigma,0.11475,0.7,0.16051,0.23893,0.672,0.093,0.502,weak
Heston_2010-2012,Heston,nonsent,v0,0.01635,0.14,0.02259,0.05048,0.447,0.065,0.804,moderate
Heston_2010-2012,Heston,nonsent,rho,-0.89358,0.62514,0.50029,0.62001,0.807,0.019,0.161,NOT identified
Heston_2010-2012,Heston,sentiment,kappa,0.11431,2.89953,1.157,1.13706,1.018,0.048,0.171,NOT identified
Heston_2010-2012,Heston,sentiment,theta,0.01075,0.14,0.04634,0.05277,0.878,0.047,0.226,NOT identified
Heston_2010-2012,Heston,sentiment,sigma,0.12184,0.7,0.15375,0.23603,0.651,0.091,0.513,weak
Heston_2010-2012,Heston,sentiment,v0,0.01644,0.14,0.02237,0.05044,0.443,0.06,0.805,moderate
Heston_2010-2012,Heston,sentiment,rho,-0.89134,0.53317,0.45279,0.58155,0.779,0.015,0.15,weak
Heston_2013-2015,Heston,nonsent,kappa,0.10054,2.89997,1.2401,1.14286,1.085,0.153,0.288,NOT identified
Heston_2013-2015,Heston,nonsent,theta,0.01164,0.14,0.05836,0.0524,1.114,0.089,0.196,NOT identified
Heston_2013-2015,Heston,nonsent,sigma,0.11573,0.7,0.14675,0.23853,0.615,0.08,0.383,weak
Heston_2013-2015,Heston,nonsent,v0,0.01322,0.14,0.04501,0.05176,0.87,0.1,0.484,NOT identified
Heston_2013-2015,Heston,nonsent,rho,-0.89686,0.29244,0.38844,0.48553,0.8,0.015,0.132,NOT identified
Heston_2013-2015,Heston,sentiment,kappa,0.10049,2.89998,1.24858,1.14289,1.092,0.161,0.284,NOT identified
Heston_2013-2015,Heston,sentiment,theta,0.01132,0.14,0.05864,0.05253,1.116,0.098,0.193,NOT identified
Heston_2013-2015,Heston,sentiment,sigma,0.11653,0.7,0.14756,0.2382,0.619,0.076,0.386,weak
Heston_2013-2015,Heston,sentiment,v0,0.0133,0.14,0.04546,0.05172,0.879,0.103,0.48,NOT identified
Heston_2013-2015,Heston,sentiment,rho,-0.89688,0.32311,0.40067,0.49806,0.804,0.015,0.136,NOT identified
Heston_2016-2019,Heston,nonsent,kappa,0.10012,2.89992,1.29283,1.14301,1.131,0.139,0.204,NOT identified
Heston_2016-2019,Heston,nonsent,theta,0.01162,0.14,0.05908,0.05241,1.127,0.098,0.153,NOT identified
Heston_2016-2019,Heston,nonsent,sigma,0.15475,0.7,0.13192,0.2226,0.593,0.06,0.393,weak
Heston_2016-2019,Heston,nonsent,v0,0.01337,0.14,0.0468,0.0517,0.905,0.088,0.395,NOT identified
Heston_2016-2019,Heston,nonsent,rho,-0.89882,0.60453,0.386,0.61374,0.629,0.015,0.226,weak
Heston_2016-2019,Heston,sentiment,kappa,0.10007,2.89994,1.30728,1.14304,1.144,0.155,0.206,NOT identified
Heston_2016-2019,Heston,sentiment,theta,0.01119,0.14,0.06019,0.05259,1.145,0.107,0.154,NOT identified
Heston_2016-2019,Heston,sentiment,sigma,0.16153,0.7,0.12982,0.21983,0.591,0.059,0.408,weak
Heston_2016-2019,Heston,sentiment,v0,0.01367,0.14,0.04578,0.05157,0.888,0.087,0.402,NOT identified
Heston_2016-2019,Heston,sentiment,rho,-0.89895,0.61764,0.4145,0.61915,0.669,0.018,0.236,weak
Heston_2020-2022,Heston,nonsent,kappa,0.1,2.89979,0.85413,1.14301,0.747,0.027,0.376,weak
Heston_2020-2022,Heston,nonsent,theta,0.01018,0.14,0.0372,0.053,0.702,0.033,0.37,weak
Heston_2020-2022,Heston,nonsent,sigma,0.10177,0.7,0.11822,0.24423,0.484,0.064,0.509,moderate
Heston_2020-2022,Heston,nonsent,v0,0.0175,0.14,0.02641,0.05001,0.528,0.073,0.671,weak
Heston_2020-2022,Heston,nonsent,rho,-0.89997,0.68847,0.26613,0.64848,0.41,0.009,0.638,moderate
Heston_2020-2022,Heston,sentiment,kappa,0.1,2.89972,0.83032,1.14298,0.726,0.025,0.356,weak
Heston_2020-2022,Heston,sentiment,theta,0.01022,0.14,0.0365,0.05298,0.689,0.031,0.288,weak
Heston_2020-2022,Heston,sentiment,sigma,0.10161,0.7,0.12418,0.24429,0.508,0.055,0.388,weak
Heston_2020-2022,Heston,sentiment,v0,0.0209,0.14,0.02572,0.04862,0.529,0.073,0.684,weak
Heston_2020-2022,Heston,sentiment,rho,-0.89998,0.57291,0.2195,0.60131,0.365,0.012,0.63,moderate
rBergomi_2010-2012,rBergomi,nonsent,xi,0.02846,0.14986,0.02519,0.04956,0.508,0.005,0.604,weak
rBergomi_2010-2012,rBergomi,nonsent,nu,0.76165,3.5,0.91704,1.11793,0.82,0.093,0.301,NOT identified
rBergomi_2010-2012,rBergomi,nonsent,rho,-0.94563,0.42686,0.4274,0.56032,0.763,0.011,0.208,weak
rBergomi_2010-2012,rBergomi,nonsent,H,0.04655,0.475,0.17052,0.17491,0.975,0.046,0.214,NOT identified
rBergomi_2010-2012,rBergomi,sentiment,xi,0.03027,0.14974,0.02536,0.04877,0.52,0.004,0.583,weak
rBergomi_2010-2012,rBergomi,sentiment,nu,0.7327,3.5,0.9239,1.12975,0.818,0.086,0.305,NOT identified
rBergomi_2010-2012,rBergomi,sentiment,rho,-0.94652,0.49224,0.48522,0.58737,0.826,0.02,0.202,NOT identified
rBergomi_2010-2012,rBergomi,sentiment,H,0.04511,0.475,0.17139,0.1755,0.977,0.047,0.221,NOT identified
rBergomi_2013-2015,rBergomi,nonsent,xi,0.01816,0.14995,0.03648,0.0538,0.678,0.022,0.437,weak
rBergomi_2013-2015,rBergomi,nonsent,nu,0.80187,3.5,0.88151,1.10151,0.8,0.099,0.197,NOT identified
rBergomi_2013-2015,rBergomi,nonsent,rho,-0.94449,0.44355,0.48263,0.56666,0.852,0.017,0.166,NOT identified
rBergomi_2013-2015,rBergomi,nonsent,H,0.03176,0.47499,0.19706,0.18095,1.089,0.059,0.069,NOT identified
rBergomi_2013-2015,rBergomi,sentiment,xi,0.02002,0.14996,0.03579,0.05305,0.675,0.021,0.456,weak
rBergomi_2013-2015,rBergomi,sentiment,nu,0.78765,3.5,0.88653,1.10731,0.801,0.096,0.193,NOT identified
rBergomi_2013-2015,rBergomi,sentiment,rho,-0.94396,0.4498,0.47797,0.569,0.84,0.018,0.168,NOT identified
rBergomi_2013-2015,rBergomi,sentiment,H,0.03184,0.475,0.19637,0.18092,1.085,0.056,0.069,NOT identified
rBergomi_2016-2019,rBergomi,nonsent,xi,0.02545,0.14999,0.03867,0.05085,0.76,0.009,0.238,weak
rBergomi_2016-2019,rBergomi,nonsent,nu,0.71754,3.5,0.83556,1.13593,0.736,0.09,0.228,weak
rBergomi_2016-2019,rBergomi,nonsent,rho,-0.94702,0.58354,0.47909,0.62485,0.767,0.015,0.268,weak
rBergomi_2016-2019,rBergomi,nonsent,H,0.03591,0.475,0.19304,0.17926,1.077,0.045,0.067,NOT identified
rBergomi_2016-2019,rBergomi,sentiment,xi,0.02634,0.15,0.03707,0.05048,0.734,0.01,0.267,weak
rBergomi_2016-2019,rBergomi,sentiment,nu,0.80092,3.5,0.80824,1.1019,0.733,0.094,0.241,weak
rBergomi_2016-2019,rBergomi,sentiment,rho,-0.94618,0.52522,0.43214,0.60069,0.719,0.009,0.269,weak
rBergomi_2016-2019,rBergomi,sentiment,H,0.03816,0.475,0.18798,0.17834,1.054,0.037,0.067,NOT identified
rBergomi_2020-2022,rBergomi,nonsent,xi,0.02081,0.15,0.0236,0.05274,0.447,0.055,0.699,moderate
rBergomi_2020-2022,rBergomi,nonsent,nu,0.70754,3.5,0.44052,1.14002,0.386,0.126,0.892,moderate
rBergomi_2020-2022,rBergomi,nonsent,rho,-0.94944,0.56069,0.24187,0.6165,0.392,0.007,0.748,moderate
rBergomi_2020-2022,rBergomi,nonsent,H,0.03621,0.475,0.10821,0.17913,0.604,0.048,0.662,weak
rBergomi_2020-2022,rBergomi,sentiment,xi,0.02029,0.15,0.0253,0.05295,0.478,0.056,0.637,moderate
rBergomi_2020-2022,rBergomi,sentiment,nu,0.77147,3.5,0.45309,1.11392,0.407,0.107,0.869,moderate
rBergomi_2020-2022,rBergomi,sentiment,rho,-0.94979,0.39682,0.20445,0.54975,0.372,0.009,0.712,moderate
rBergomi_2020-2022,rBergomi,sentiment,H,0.03841,0.475,0.11131,0.17824,0.625,0.036,0.579,weak
